scenario_id,fleet_size,epoch_minutes,weights,temperature,method,trips_served,trips_missed,service_rate_pct,total_energy_kWh,avg_energy_per_trip,avg_wait_sec,total_deadhead_km,wall_time_sec
F5_E2_Wbal_Tcol,5,2.0,balanced,cold_winter,milp_ml,4317,5156,45.57,501.45,0.1162,362.9,33.11,41.02
F5_E2_Wbal_Tcol,5,2.0,balanced,cold_winter,milp_fixed,4317,5156,45.57,501.45,0.1162,362.9,33.11,41.13
F5_E2_Wbal_Tcol,5,2.0,balanced,cold_winter,nearest,1707,7766,18.02,460.26,0.2696,1777.6,490.47,0.98
F5_E2_Wbal_Tbas,5,2.0,balanced,baseline,milp_ml,4317,5156,45.57,501.45,0.1162,362.9,33.11,44.36
F5_E2_Wbal_Tbas,5,2.0,balanced,baseline,milp_fixed,4317,5156,45.57,501.45,0.1162,362.9,33.11,45.28
F5_E2_Wbal_Tbas,5,2.0,balanced,baseline,nearest,1707,7766,18.02,460.26,0.2696,1777.6,490.47,0.98
F5_E2_Wbal_Thot,5,2.0,balanced,hot_summer,milp_ml,4317,5156,45.57,501.45,0.1162,362.9,33.11,45.24
F5_E2_Wbal_Thot,5,2.0,balanced,hot_summer,milp_fixed,4317,5156,45.57,501.45,0.1162,362.9,33.11,54.86
F5_E2_Wbal_Thot,5,2.0,balanced,hot_summer,nearest,1707,7766,18.02,460.26,0.2696,1777.6,490.47,1.18
F5_E2_Wene_Tcol,5,2.0,energy_focused,cold_winter,milp_ml,4351,5122,45.93,501.39,0.1152,334.5,77.75,43.49
F5_E2_Wene_Tcol,5,2.0,energy_focused,cold_winter,milp_fixed,4351,5122,45.93,501.39,0.1152,334.5,77.75,42.95
F5_E2_Wene_Tcol,5,2.0,energy_focused,cold_winter,nearest,1707,7766,18.02,460.26,0.2696,1777.6,490.47,0.98
F5_E2_Wene_Tbas,5,2.0,energy_focused,baseline,milp_ml,4351,5122,45.93,501.39,0.1152,334.5,77.75,42.09
F5_E2_Wene_Tbas,5,2.0,energy_focused,baseline,milp_fixed,4351,5122,45.93,501.39,0.1152,334.5,77.75,43.78
F5_E2_Wene_Tbas,5,2.0,energy_focused,baseline,nearest,1707,7766,18.02,460.26,0.2696,1777.6,490.47,0.97
F5_E2_Wene_Thot,5,2.0,energy_focused,hot_summer,milp_ml,4351,5122,45.93,501.39,0.1152,334.5,77.75,44.74
F5_E2_Wene_Thot,5,2.0,energy_focused,hot_summer,milp_fixed,4351,5122,45.93,501.39,0.1152,334.5,77.75,45.92
F5_E2_Wene_Thot,5,2.0,energy_focused,hot_summer,nearest,1707,7766,18.02,460.26,0.2696,1777.6,490.47,1.05
F5_E2_Wser_Tcol,5,2.0,service_focused,cold_winter,milp_ml,4300,5173,45.39,501.29,0.1166,381.1,30.66,45.78
F5_E2_Wser_Tcol,5,2.0,service_focused,cold_winter,milp_fixed,4300,5173,45.39,501.29,0.1166,381.1,30.66,46.99
F5_E2_Wser_Tcol,5,2.0,service_focused,cold_winter,nearest,1707,7766,18.02,460.26,0.2696,1777.6,490.47,1.18
F5_E2_Wser_Tbas,5,2.0,service_focused,baseline,milp_ml,4300,5173,45.39,501.29,0.1166,381.1,30.66,46.93
F5_E2_Wser_Tbas,5,2.0,service_focused,baseline,milp_fixed,4300,5173,45.39,501.29,0.1166,381.1,30.66,45.68
F5_E2_Wser_Tbas,5,2.0,service_focused,baseline,nearest,1707,7766,18.02,460.26,0.2696,1777.6,490.47,1.01
F5_E2_Wser_Thot,5,2.0,service_focused,hot_summer,milp_ml,4300,5173,45.39,501.29,0.1166,381.1,30.66,43.8
F5_E2_Wser_Thot,5,2.0,service_focused,hot_summer,milp_fixed,4300,5173,45.39,501.29,0.1166,381.1,30.66,42.96
F5_E2_Wser_Thot,5,2.0,service_focused,hot_summer,nearest,1707,7766,18.02,460.26,0.2696,1777.6,490.47,1.0
F5_E5_Wbal_Tcol,5,5.0,balanced,cold_winter,milp_ml,3984,5489,42.06,446.39,0.112,382.0,24.09,35.17
F5_E5_Wbal_Tcol,5,5.0,balanced,cold_winter,milp_fixed,3984,5489,42.06,446.39,0.112,382.0,24.09,35.61
F5_E5_Wbal_Tcol,5,5.0,balanced,cold_winter,nearest,1600,7873,16.89,412.18,0.2576,1834.7,419.78,0.78
F5_E5_Wbal_Tbas,5,5.0,balanced,baseline,milp_ml,3984,5489,42.06,446.39,0.112,382.0,24.09,36.43
F5_E5_Wbal_Tbas,5,5.0,balanced,baseline,milp_fixed,3984,5489,42.06,446.39,0.112,382.0,24.09,35.2
F5_E5_Wbal_Tbas,5,5.0,balanced,baseline,nearest,1600,7873,16.89,412.18,0.2576,1834.7,419.78,0.78
F5_E5_Wbal_Thot,5,5.0,balanced,hot_summer,milp_ml,3984,5489,42.06,446.39,0.112,382.0,24.09,34.66
F5_E5_Wbal_Thot,5,5.0,balanced,hot_summer,milp_fixed,3984,5489,42.06,446.39,0.112,382.0,24.09,35.18
F5_E5_Wbal_Thot,5,5.0,balanced,hot_summer,nearest,1600,7873,16.89,412.18,0.2576,1834.7,419.78,0.78
F5_E5_Wene_Tcol,5,5.0,energy_focused,cold_winter,milp_ml,4009,5464,42.32,440.96,0.11,338.4,55.67,34.07
F5_E5_Wene_Tcol,5,5.0,energy_focused,cold_winter,milp_fixed,4009,5464,42.32,440.96,0.11,338.4,55.67,34.16
F5_E5_Wene_Tcol,5,5.0,energy_focused,cold_winter,nearest,1600,7873,16.89,412.18,0.2576,1834.7,419.78,0.77
F5_E5_Wene_Tbas,5,5.0,energy_focused,baseline,milp_ml,4009,5464,42.32,440.96,0.11,338.4,55.67,34.54
F5_E5_Wene_Tbas,5,5.0,energy_focused,baseline,milp_fixed,4009,5464,42.32,440.96,0.11,338.4,55.67,34.93
F5_E5_Wene_Tbas,5,5.0,energy_focused,baseline,nearest,1600,7873,16.89,412.18,0.2576,1834.7,419.78,0.77
F5_E5_Wene_Thot,5,5.0,energy_focused,hot_summer,milp_ml,4009,5464,42.32,440.96,0.11,338.4,55.67,34.76
F5_E5_Wene_Thot,5,5.0,energy_focused,hot_summer,milp_fixed,4009,5464,42.32,440.96,0.11,338.4,55.67,35.28
F5_E5_Wene_Thot,5,5.0,energy_focused,hot_summer,nearest,1600,7873,16.89,412.18,0.2576,1834.7,419.78,0.78
F5_E5_Wser_Tcol,5,5.0,service_focused,cold_winter,milp_ml,3986,5487,42.08,445.72,0.1118,384.9,21.97,35.02
F5_E5_Wser_Tcol,5,5.0,service_focused,cold_winter,milp_fixed,3986,5487,42.08,445.72,0.1118,384.9,21.97,35.46
F5_E5_Wser_Tcol,5,5.0,service_focused,cold_winter,nearest,1600,7873,16.89,412.18,0.2576,1834.7,419.78,0.8
F5_E5_Wser_Tbas,5,5.0,service_focused,baseline,milp_ml,3986,5487,42.08,445.72,0.1118,384.9,21.97,34.95
F5_E5_Wser_Tbas,5,5.0,service_focused,baseline,milp_fixed,3986,5487,42.08,445.72,0.1118,384.9,21.97,36.27
F5_E5_Wser_Tbas,5,5.0,service_focused,baseline,nearest,1600,7873,16.89,412.18,0.2576,1834.7,419.78,0.79
F5_E5_Wser_Thot,5,5.0,service_focused,hot_summer,milp_ml,3986,5487,42.08,445.72,0.1118,384.9,21.97,35.83
F5_E5_Wser_Thot,5,5.0,service_focused,hot_summer,milp_fixed,3986,5487,42.08,445.72,0.1118,384.9,21.97,35.66
F5_E5_Wser_Thot,5,5.0,service_focused,hot_summer,nearest,1600,7873,16.89,412.18,0.2576,1834.7,419.78,0.79
F5_E10_Wbal_Tcol,5,10.0,balanced,cold_winter,milp_ml,3010,6463,31.77,304.3,0.1011,421.2,8.59,30.42
F5_E10_Wbal_Tcol,5,10.0,balanced,cold_winter,milp_fixed,3010,6463,31.77,304.3,0.1011,421.2,8.59,30.42
F5_E10_Wbal_Tcol,5,10.0,balanced,cold_winter,nearest,1532,7941,16.17,384.19,0.2508,1931.7,367.79,0.7
F5_E10_Wbal_Tbas,5,10.0,balanced,baseline,milp_ml,3010,6463,31.77,304.3,0.1011,421.2,8.59,30.87
F5_E10_Wbal_Tbas,5,10.0,balanced,baseline,milp_fixed,3010,6463,31.77,304.3,0.1011,421.2,8.59,30.89
F5_E10_Wbal_Tbas,5,10.0,balanced,baseline,nearest,1532,7941,16.17,384.19,0.2508,1931.7,367.79,0.7
F5_E10_Wbal_Thot,5,10.0,balanced,hot_summer,milp_ml,3010,6463,31.77,304.3,0.1011,421.2,8.59,31.55
F5_E10_Wbal_Thot,5,10.0,balanced,hot_summer,milp_fixed,3010,6463,31.77,304.3,0.1011,421.2,8.59,31.73
F5_E10_Wbal_Thot,5,10.0,balanced,hot_summer,nearest,1532,7941,16.17,384.19,0.2508,1931.7,367.79,0.73
F5_E10_Wene_Tcol,5,10.0,energy_focused,cold_winter,milp_ml,3049,6424,32.19,304.01,0.0997,405.8,29.71,32.18
F5_E10_Wene_Tcol,5,10.0,energy_focused,cold_winter,milp_fixed,3049,6424,32.19,304.01,0.0997,405.8,29.71,31.36
F5_E10_Wene_Tcol,5,10.0,energy_focused,cold_winter,nearest,1532,7941,16.17,384.19,0.2508,1931.7,367.79,0.71
F5_E10_Wene_Tbas,5,10.0,energy_focused,baseline,milp_ml,3049,6424,32.19,304.01,0.0997,405.8,29.71,31.49
F5_E10_Wene_Tbas,5,10.0,energy_focused,baseline,milp_fixed,3049,6424,32.19,304.01,0.0997,405.8,29.71,32.32
F5_E10_Wene_Tbas,5,10.0,energy_focused,baseline,nearest,1532,7941,16.17,384.19,0.2508,1931.7,367.79,0.73
F5_E10_Wene_Thot,5,10.0,energy_focused,hot_summer,milp_ml,3049,6424,32.19,304.01,0.0997,405.8,29.71,31.65
F5_E10_Wene_Thot,5,10.0,energy_focused,hot_summer,milp_fixed,3049,6424,32.19,304.01,0.0997,405.8,29.71,31.51
F5_E10_Wene_Thot,5,10.0,energy_focused,hot_summer,nearest,1532,7941,16.17,384.19,0.2508,1931.7,367.79,0.7
F5_E10_Wser_Tcol,5,10.0,service_focused,cold_winter,milp_ml,2998,6475,31.65,304.23,0.1015,442.4,6.95,32.02
F5_E10_Wser_Tcol,5,10.0,service_focused,cold_winter,milp_fixed,2998,6475,31.65,304.23,0.1015,442.4,6.95,32.13
F5_E10_Wser_Tcol,5,10.0,service_focused,cold_winter,nearest,1532,7941,16.17,384.19,0.2508,1931.7,367.79,0.72
F5_E10_Wser_Tbas,5,10.0,service_focused,baseline,milp_ml,2998,6475,31.65,304.23,0.1015,442.4,6.95,32.16
F5_E10_Wser_Tbas,5,10.0,service_focused,baseline,milp_fixed,2998,6475,31.65,304.23,0.1015,442.4,6.95,31.25
F5_E10_Wser_Tbas,5,10.0,service_focused,baseline,nearest,1532,7941,16.17,384.19,0.2508,1931.7,367.79,0.72
F5_E10_Wser_Thot,5,10.0,service_focused,hot_summer,milp_ml,2998,6475,31.65,304.23,0.1015,442.4,6.95,32.36
F5_E10_Wser_Thot,5,10.0,service_focused,hot_summer,milp_fixed,2998,6475,31.65,304.23,0.1015,442.4,6.95,32.31
F5_E10_Wser_Thot,5,10.0,service_focused,hot_summer,nearest,1532,7941,16.17,384.19,0.2508,1931.7,367.79,0.71
F8_E2_Wbal_Tcol,8,2.0,balanced,cold_winter,milp_ml,5899,3574,62.27,802.16,0.136,290.1,117.92,49.4
F8_E2_Wbal_Tcol,8,2.0,balanced,cold_winter,milp_fixed,5899,3574,62.27,802.16,0.136,290.1,117.92,50.14
F8_E2_Wbal_Tcol,8,2.0,balanced,cold_winter,nearest,2780,6693,29.35,737.27,0.2652,1737.1,767.64,1.1
F8_E2_Wbal_Tbas,8,2.0,balanced,baseline,milp_ml,5899,3574,62.27,802.16,0.136,290.1,117.92,49.81
F8_E2_Wbal_Tbas,8,2.0,balanced,baseline,milp_fixed,5899,3574,62.27,802.16,0.136,290.1,117.92,49.27
F8_E2_Wbal_Tbas,8,2.0,balanced,baseline,nearest,2780,6693,29.35,737.27,0.2652,1737.1,767.64,1.12
F8_E2_Wbal_Thot,8,2.0,balanced,hot_summer,milp_ml,5899,3574,62.27,802.16,0.136,290.1,117.92,49.39
F8_E2_Wbal_Thot,8,2.0,balanced,hot_summer,milp_fixed,5899,3574,62.27,802.16,0.136,290.1,117.92,50.34
F8_E2_Wbal_Thot,8,2.0,balanced,hot_summer,nearest,2780,6693,29.35,737.27,0.2652,1737.1,767.64,1.14
F8_E2_Wene_Tcol,8,2.0,energy_focused,cold_winter,milp_ml,5892,3581,62.2,802.22,0.1362,249.3,185.02,48.19
F8_E2_Wene_Tcol,8,2.0,energy_focused,cold_winter,milp_fixed,5892,3581,62.2,802.22,0.1362,249.3,185.02,49.19
F8_E2_Wene_Tcol,8,2.0,energy_focused,cold_winter,nearest,2780,6693,29.35,737.27,0.2652,1737.1,767.64,1.11
F8_E2_Wene_Tbas,8,2.0,energy_focused,baseline,milp_ml,5892,3581,62.2,802.22,0.1362,249.3,185.02,53.35
F8_E2_Wene_Tbas,8,2.0,energy_focused,baseline,milp_fixed,5892,3581,62.2,802.22,0.1362,249.3,185.02,50.09
F8_E2_Wene_Tbas,8,2.0,energy_focused,baseline,nearest,2780,6693,29.35,737.27,0.2652,1737.1,767.64,1.11
F8_E2_Wene_Thot,8,2.0,energy_focused,hot_summer,milp_ml,5892,3581,62.2,802.22,0.1362,249.3,185.02,48.09
F8_E2_Wene_Thot,8,2.0,energy_focused,hot_summer,milp_fixed,5892,3581,62.2,802.22,0.1362,249.3,185.02,48.71
F8_E2_Wene_Thot,8,2.0,energy_focused,hot_summer,nearest,2780,6693,29.35,737.27,0.2652,1737.1,767.64,1.17
F8_E2_Wser_Tcol,8,2.0,service_focused,cold_winter,milp_ml,5881,3592,62.08,802.24,0.1364,293.4,118.03,50.21
F8_E2_Wser_Tcol,8,2.0,service_focused,cold_winter,milp_fixed,5881,3592,62.08,802.24,0.1364,293.4,118.03,48.98
F8_E2_Wser_Tcol,8,2.0,service_focused,cold_winter,nearest,2780,6693,29.35,737.27,0.2652,1737.1,767.64,1.1
F8_E2_Wser_Tbas,8,2.0,service_focused,baseline,milp_ml,5881,3592,62.08,802.24,0.1364,293.4,118.03,53.71
F8_E2_Wser_Tbas,8,2.0,service_focused,baseline,milp_fixed,5881,3592,62.08,802.24,0.1364,293.4,118.03,49.25
F8_E2_Wser_Tbas,8,2.0,service_focused,baseline,nearest,2780,6693,29.35,737.27,0.2652,1737.1,767.64,1.1
F8_E2_Wser_Thot,8,2.0,service_focused,hot_summer,milp_ml,5881,3592,62.08,802.24,0.1364,293.4,118.03,48.46
F8_E2_Wser_Thot,8,2.0,service_focused,hot_summer,milp_fixed,5881,3592,62.08,802.24,0.1364,293.4,118.03,48.59
F8_E2_Wser_Thot,8,2.0,service_focused,hot_summer,nearest,2780,6693,29.35,737.27,0.2652,1737.1,767.64,1.11
F8_E5_Wbal_Tcol,8,5.0,balanced,cold_winter,milp_ml,5630,3843,59.43,737.85,0.1311,304.9,85.04,37.11
F8_E5_Wbal_Tcol,8,5.0,balanced,cold_winter,milp_fixed,5630,3843,59.43,737.85,0.1311,304.9,85.04,38.06
F8_E5_Wbal_Tcol,8,5.0,balanced,cold_winter,nearest,2606,6867,27.51,658.63,0.2527,1789.3,642.59,0.87
F8_E5_Wbal_Tbas,8,5.0,balanced,baseline,milp_ml,5630,3843,59.43,737.85,0.1311,304.9,85.04,39.1
F8_E5_Wbal_Tbas,8,5.0,balanced,baseline,milp_fixed,5630,3843,59.43,737.85,0.1311,304.9,85.04,37.32
F8_E5_Wbal_Tbas,8,5.0,balanced,baseline,nearest,2606,6867,27.51,658.63,0.2527,1789.3,642.59,0.84
F8_E5_Wbal_Thot,8,5.0,balanced,hot_summer,milp_ml,5630,3843,59.43,737.85,0.1311,304.9,85.04,36.4
F8_E5_Wbal_Thot,8,5.0,balanced,hot_summer,milp_fixed,5630,3843,59.43,737.85,0.1311,304.9,85.04,36.8
F8_E5_Wbal_Thot,8,5.0,balanced,hot_summer,nearest,2606,6867,27.51,658.63,0.2527,1789.3,642.59,0.84
F8_E5_Wene_Tcol,8,5.0,energy_focused,cold_winter,milp_ml,5625,3848,59.38,733.73,0.1304,267.2,143.3,36.72
F8_E5_Wene_Tcol,8,5.0,energy_focused,cold_winter,milp_fixed,5625,3848,59.38,733.73,0.1304,267.2,143.3,36.02
F8_E5_Wene_Tcol,8,5.0,energy_focused,cold_winter,nearest,2606,6867,27.51,658.63,0.2527,1789.3,642.59,0.87
F8_E5_Wene_Tbas,8,5.0,energy_focused,baseline,milp_ml,5625,3848,59.38,733.73,0.1304,267.2,143.3,36.73
F8_E5_Wene_Tbas,8,5.0,energy_focused,baseline,milp_fixed,5625,3848,59.38,733.73,0.1304,267.2,143.3,36.97
F8_E5_Wene_Tbas,8,5.0,energy_focused,baseline,nearest,2606,6867,27.51,658.63,0.2527,1789.3,642.59,0.96
F8_E5_Wene_Thot,8,5.0,energy_focused,hot_summer,milp_ml,5625,3848,59.38,733.73,0.1304,267.2,143.3,41.58
F8_E5_Wene_Thot,8,5.0,energy_focused,hot_summer,milp_fixed,5625,3848,59.38,733.73,0.1304,267.2,143.3,39.16
F8_E5_Wene_Thot,8,5.0,energy_focused,hot_summer,nearest,2606,6867,27.51,658.63,0.2527,1789.3,642.59,0.89
F8_E5_Wser_Tcol,8,5.0,service_focused,cold_winter,milp_ml,5621,3852,59.34,737.01,0.1311,308.9,84.26,38.57
F8_E5_Wser_Tcol,8,5.0,service_focused,cold_winter,milp_fixed,5621,3852,59.34,737.01,0.1311,308.9,84.26,38.48
F8_E5_Wser_Tcol,8,5.0,service_focused,cold_winter,nearest,2606,6867,27.51,658.63,0.2527,1789.3,642.59,0.88
F8_E5_Wser_Tbas,8,5.0,service_focused,baseline,milp_ml,5621,3852,59.34,737.01,0.1311,308.9,84.26,38.81
F8_E5_Wser_Tbas,8,5.0,service_focused,baseline,milp_fixed,5621,3852,59.34,737.01,0.1311,308.9,84.26,39.25
F8_E5_Wser_Tbas,8,5.0,service_focused,baseline,nearest,2606,6867,27.51,658.63,0.2527,1789.3,642.59,0.85
F8_E5_Wser_Thot,8,5.0,service_focused,hot_summer,milp_ml,5621,3852,59.34,737.01,0.1311,308.9,84.26,38.96
F8_E5_Wser_Thot,8,5.0,service_focused,hot_summer,milp_fixed,5621,3852,59.34,737.01,0.1311,308.9,84.26,38.73
F8_E5_Wser_Thot,8,5.0,service_focused,hot_summer,nearest,2606,6867,27.51,658.63,0.2527,1789.3,642.59,0.85
F8_E10_Wbal_Tcol,8,10.0,balanced,cold_winter,milp_ml,4616,4857,48.73,551.07,0.1194,368.1,39.67,40.43
F8_E10_Wbal_Tcol,8,10.0,balanced,cold_winter,milp_fixed,4616,4857,48.73,551.07,0.1194,368.1,39.67,40.9
F8_E10_Wbal_Tcol,8,10.0,balanced,cold_winter,nearest,2516,6957,26.56,614.19,0.2441,1890.5,565.27,0.84
F8_E10_Wbal_Tbas,8,10.0,balanced,baseline,milp_ml,4616,4857,48.73,551.07,0.1194,368.1,39.67,40.67
F8_E10_Wbal_Tbas,8,10.0,balanced,baseline,milp_fixed,4616,4857,48.73,551.07,0.1194,368.1,39.67,40.04
F8_E10_Wbal_Tbas,8,10.0,balanced,baseline,nearest,2516,6957,26.56,614.19,0.2441,1890.5,565.27,0.76
F8_E10_Wbal_Thot,8,10.0,balanced,hot_summer,milp_ml,4616,4857,48.73,551.07,0.1194,368.1,39.67,39.11
F8_E10_Wbal_Thot,8,10.0,balanced,hot_summer,milp_fixed,4616,4857,48.73,551.07,0.1194,368.1,39.67,39.05
F8_E10_Wbal_Thot,8,10.0,balanced,hot_summer,nearest,2516,6957,26.56,614.19,0.2441,1890.5,565.27,0.78
F8_E10_Wene_Tcol,8,10.0,energy_focused,cold_winter,milp_ml,4691,4782,49.52,556.85,0.1187,329.4,76.15,40.56
F8_E10_Wene_Tcol,8,10.0,energy_focused,cold_winter,milp_fixed,4691,4782,49.52,556.85,0.1187,329.4,76.15,39.71
F8_E10_Wene_Tcol,8,10.0,energy_focused,cold_winter,nearest,2516,6957,26.56,614.19,0.2441,1890.5,565.27,0.84
F8_E10_Wene_Tbas,8,10.0,energy_focused,baseline,milp_ml,4691,4782,49.52,556.85,0.1187,329.4,76.15,40.89
F8_E10_Wene_Tbas,8,10.0,energy_focused,baseline,milp_fixed,4691,4782,49.52,556.85,0.1187,329.4,76.15,39.22
F8_E10_Wene_Tbas,8,10.0,energy_focused,baseline,nearest,2516,6957,26.56,614.19,0.2441,1890.5,565.27,0.76
F8_E10_Wene_Thot,8,10.0,energy_focused,hot_summer,milp_ml,4691,4782,49.52,556.85,0.1187,329.4,76.15,39.63
F8_E10_Wene_Thot,8,10.0,energy_focused,hot_summer,milp_fixed,4691,4782,49.52,556.85,0.1187,329.4,76.15,47.21
F8_E10_Wene_Thot,8,10.0,energy_focused,hot_summer,nearest,2516,6957,26.56,614.19,0.2441,1890.5,565.27,1.05
F8_E10_Wser_Tcol,8,10.0,service_focused,cold_winter,milp_ml,4623,4850,48.8,554.83,0.12,370.9,38.88,44.06
F8_E10_Wser_Tcol,8,10.0,service_focused,cold_winter,milp_fixed,4623,4850,48.8,554.83,0.12,370.9,38.88,43.3
F8_E10_Wser_Tcol,8,10.0,service_focused,cold_winter,nearest,2516,6957,26.56,614.19,0.2441,1890.5,565.27,0.82
F8_E10_Wser_Tbas,8,10.0,service_focused,baseline,milp_ml,4623,4850,48.8,554.83,0.12,370.9,38.88,39.39
F8_E10_Wser_Tbas,8,10.0,service_focused,baseline,milp_fixed,4623,4850,48.8,554.83,0.12,370.9,38.88,38.19
F8_E10_Wser_Tbas,8,10.0,service_focused,baseline,nearest,2516,6957,26.56,614.19,0.2441,1890.5,565.27,0.78
F8_E10_Wser_Thot,8,10.0,service_focused,hot_summer,milp_ml,4623,4850,48.8,554.83,0.12,370.9,38.88,37.95
F8_E10_Wser_Thot,8,10.0,service_focused,hot_summer,milp_fixed,4623,4850,48.8,554.83,0.12,370.9,38.88,39.47
F8_E10_Wser_Thot,8,10.0,service_focused,hot_summer,nearest,2516,6957,26.56,614.19,0.2441,1890.5,565.27,0.78
F10_E2_Wbal_Tcol,10,2.0,balanced,cold_winter,milp_ml,6772,2701,71.49,1002.72,0.1481,249.6,207.12,52.57
F10_E2_Wbal_Tcol,10,2.0,balanced,cold_winter,milp_fixed,6772,2701,71.49,1002.72,0.1481,249.6,207.12,55.23
F10_E2_Wbal_Tcol,10,2.0,balanced,cold_winter,nearest,3488,5985,36.82,921.16,0.2641,1700.6,958.91,1.2
F10_E2_Wbal_Tbas,10,2.0,balanced,baseline,milp_ml,6772,2701,71.49,1002.72,0.1481,249.6,207.12,49.66
F10_E2_Wbal_Tbas,10,2.0,balanced,baseline,milp_fixed,6772,2701,71.49,1002.72,0.1481,249.6,207.12,48.83
F10_E2_Wbal_Tbas,10,2.0,balanced,baseline,nearest,3488,5985,36.82,921.16,0.2641,1700.6,958.91,1.2
F10_E2_Wbal_Thot,10,2.0,balanced,hot_summer,milp_ml,6772,2701,71.49,1002.72,0.1481,249.6,207.12,49.22
F10_E2_Wbal_Thot,10,2.0,balanced,hot_summer,milp_fixed,6772,2701,71.49,1002.72,0.1481,249.6,207.12,49.37
F10_E2_Wbal_Thot,10,2.0,balanced,hot_summer,nearest,3488,5985,36.82,921.16,0.2641,1700.6,958.91,1.19
F10_E2_Wene_Tcol,10,2.0,energy_focused,cold_winter,milp_ml,6750,2723,71.26,1002.67,0.1485,208.2,281.9,49.47
F10_E2_Wene_Tcol,10,2.0,energy_focused,cold_winter,milp_fixed,6750,2723,71.26,1002.67,0.1485,208.2,281.9,650.5
F10_E2_Wene_Tcol,10,2.0,energy_focused,cold_winter,nearest,3488,5985,36.82,921.16,0.2641,1700.6,958.91,1.35
F10_E2_Wene_Tbas,10,2.0,energy_focused,baseline,milp_ml,6750,2723,71.26,1002.67,0.1485,208.2,281.9,1584.14
F10_E2_Wene_Tbas,10,2.0,energy_focused,baseline,milp_fixed,6750,2723,71.26,1002.67,0.1485,208.2,281.9,749.05
F10_E2_Wene_Tbas,10,2.0,energy_focused,baseline,nearest,3488,5985,36.82,921.16,0.2641,1700.6,958.91,1.59
F10_E2_Wene_Thot,10,2.0,energy_focused,hot_summer,milp_ml,6750,2723,71.26,1002.67,0.1485,208.2,281.9,61.3
F10_E2_Wene_Thot,10,2.0,energy_focused,hot_summer,milp_fixed,6750,2723,71.26,1002.67,0.1485,208.2,281.9,647.85
F10_E2_Wene_Thot,10,2.0,energy_focused,hot_summer,nearest,3488,5985,36.82,921.16,0.2641,1700.6,958.91,1.23
F10_E2_Wser_Tcol,10,2.0,service_focused,cold_winter,milp_ml,6755,2718,71.31,1002.74,0.1484,258.1,204.04,50.27
F10_E2_Wser_Tcol,10,2.0,service_focused,cold_winter,milp_fixed,6755,2718,71.31,1002.74,0.1484,258.1,204.04,49.48
F10_E2_Wser_Tcol,10,2.0,service_focused,cold_winter,nearest,3488,5985,36.82,921.16,0.2641,1700.6,958.91,1.19
F10_E2_Wser_Tbas,10,2.0,service_focused,baseline,milp_ml,6755,2718,71.31,1002.74,0.1484,258.1,204.04,48.76
F10_E2_Wser_Tbas,10,2.0,service_focused,baseline,milp_fixed,6755,2718,71.31,1002.74,0.1484,258.1,204.04,48.95
F10_E2_Wser_Tbas,10,2.0,service_focused,baseline,nearest,3488,5985,36.82,921.16,0.2641,1700.6,958.91,1.19
F10_E2_Wser_Thot,10,2.0,service_focused,hot_summer,milp_ml,6755,2718,71.31,1002.74,0.1484,258.1,204.04,49.06
F10_E2_Wser_Thot,10,2.0,service_focused,hot_summer,milp_fixed,6755,2718,71.31,1002.74,0.1484,258.1,204.04,48.82
F10_E2_Wser_Thot,10,2.0,service_focused,hot_summer,nearest,3488,5985,36.82,921.16,0.2641,1700.6,958.91,1.21
F10_E5_Wbal_Tcol,10,5.0,balanced,cold_winter,milp_ml,6554,2919,69.19,933.88,0.1425,253.4,173.8,35.0
F10_E5_Wbal_Tcol,10,5.0,balanced,cold_winter,milp_fixed,6554,2919,69.19,933.88,0.1425,253.4,173.8,34.97
F10_E5_Wbal_Tcol,10,5.0,balanced,cold_winter,nearest,3296,6177,34.79,823.53,0.2499,1754.5,789.31,0.9
F10_E5_Wbal_Tbas,10,5.0,balanced,baseline,milp_ml,6554,2919,69.19,933.88,0.1425,253.4,173.8,34.99
F10_E5_Wbal_Tbas,10,5.0,balanced,baseline,milp_fixed,6554,2919,69.19,933.88,0.1425,253.4,173.8,34.85
F10_E5_Wbal_Tbas,10,5.0,balanced,baseline,nearest,3296,6177,34.79,823.53,0.2499,1754.5,789.31,0.89
F10_E5_Wbal_Thot,10,5.0,balanced,hot_summer,milp_ml,6554,2919,69.19,933.88,0.1425,253.4,173.8,34.8
F10_E5_Wbal_Thot,10,5.0,balanced,hot_summer,milp_fixed,6554,2919,69.19,933.88,0.1425,253.4,173.8,34.67
F10_E5_Wbal_Thot,10,5.0,balanced,hot_summer,nearest,3296,6177,34.79,823.53,0.2499,1754.5,789.31,0.89
F10_E5_Wene_Tcol,10,5.0,energy_focused,cold_winter,milp_ml,6535,2938,68.99,931.02,0.1425,222.0,233.14,34.4
F10_E5_Wene_Tcol,10,5.0,energy_focused,cold_winter,milp_fixed,6535,2938,68.99,931.02,0.1425,222.0,233.14,34.88
F10_E5_Wene_Tcol,10,5.0,energy_focused,cold_winter,nearest,3296,6177,34.79,823.53,0.2499,1754.5,789.31,0.9
F10_E5_Wene_Tbas,10,5.0,energy_focused,baseline,milp_ml,6535,2938,68.99,931.02,0.1425,222.0,233.14,34.08
F10_E5_Wene_Tbas,10,5.0,energy_focused,baseline,milp_fixed,6535,2938,68.99,931.02,0.1425,222.0,233.14,34.16
F10_E5_Wene_Tbas,10,5.0,energy_focused,baseline,nearest,3296,6177,34.79,823.53,0.2499,1754.5,789.31,0.89
F10_E5_Wene_Thot,10,5.0,energy_focused,hot_summer,milp_ml,6535,2938,68.99,931.02,0.1425,222.0,233.14,34.09
F10_E5_Wene_Thot,10,5.0,energy_focused,hot_summer,milp_fixed,6535,2938,68.99,931.02,0.1425,222.0,233.14,34.47
F10_E5_Wene_Thot,10,5.0,energy_focused,hot_summer,nearest,3296,6177,34.79,823.53,0.2499,1754.5,789.31,0.89
F10_E5_Wser_Tcol,10,5.0,service_focused,cold_winter,milp_ml,6540,2933,69.04,934.43,0.1429,261.9,172.5,35.12
F10_E5_Wser_Tcol,10,5.0,service_focused,cold_winter,milp_fixed,6540,2933,69.04,934.43,0.1429,261.9,172.5,35.04
F10_E5_Wser_Tcol,10,5.0,service_focused,cold_winter,nearest,3296,6177,34.79,823.53,0.2499,1754.5,789.31,0.89
F10_E5_Wser_Tbas,10,5.0,service_focused,baseline,milp_ml,6540,2933,69.04,934.43,0.1429,261.9,172.5,35.03
F10_E5_Wser_Tbas,10,5.0,service_focused,baseline,milp_fixed,6540,2933,69.04,934.43,0.1429,261.9,172.5,35.15
F10_E5_Wser_Tbas,10,5.0,service_focused,baseline,nearest,3296,6177,34.79,823.53,0.2499,1754.5,789.31,0.89
F10_E5_Wser_Thot,10,5.0,service_focused,hot_summer,milp_ml,6540,2933,69.04,934.43,0.1429,261.9,172.5,35.25
F10_E5_Wser_Thot,10,5.0,service_focused,hot_summer,milp_fixed,6540,2933,69.04,934.43,0.1429,261.9,172.5,35.26
F10_E5_Wser_Thot,10,5.0,service_focused,hot_summer,nearest,3296,6177,34.79,823.53,0.2499,1754.5,789.31,0.9
F10_E10_Wbal_Tcol,10,10.0,balanced,cold_winter,milp_ml,5579,3894,58.89,727.68,0.1304,326.7,81.32,39.45
F10_E10_Wbal_Tcol,10,10.0,balanced,cold_winter,milp_fixed,5579,3894,58.89,727.68,0.1304,326.7,81.32,39.53
F10_E10_Wbal_Tcol,10,10.0,balanced,cold_winter,nearest,3218,6255,33.97,768.51,0.2388,1845.8,676.4,0.8
F10_E10_Wbal_Tbas,10,10.0,balanced,baseline,milp_ml,5579,3894,58.89,727.68,0.1304,326.7,81.32,39.57
F10_E10_Wbal_Tbas,10,10.0,balanced,baseline,milp_fixed,5579,3894,58.89,727.68,0.1304,326.7,81.32,39.74
F10_E10_Wbal_Tbas,10,10.0,balanced,baseline,nearest,3218,6255,33.97,768.51,0.2388,1845.8,676.4,0.81
F10_E10_Wbal_Thot,10,10.0,balanced,hot_summer,milp_ml,5579,3894,58.89,727.68,0.1304,326.7,81.32,39.49
F10_E10_Wbal_Thot,10,10.0,balanced,hot_summer,milp_fixed,5579,3894,58.89,727.68,0.1304,326.7,81.32,40.13
F10_E10_Wbal_Thot,10,10.0,balanced,hot_summer,nearest,3218,6255,33.97,768.51,0.2388,1845.8,676.4,0.8
F10_E10_Wene_Tcol,10,10.0,energy_focused,cold_winter,milp_ml,5678,3795,59.94,738.26,0.13,294.7,129.04,39.49
F10_E10_Wene_Tcol,10,10.0,energy_focused,cold_winter,milp_fixed,5678,3795,59.94,738.26,0.13,294.7,129.04,39.56
F10_E10_Wene_Tcol,10,10.0,energy_focused,cold_winter,nearest,3218,6255,33.97,768.51,0.2388,1845.8,676.4,0.8
F10_E10_Wene_Tbas,10,10.0,energy_focused,baseline,milp_ml,5678,3795,59.94,738.26,0.13,294.7,129.04,39.57
F10_E10_Wene_Tbas,10,10.0,energy_focused,baseline,milp_fixed,5678,3795,59.94,738.26,0.13,294.7,129.04,39.87
F10_E10_Wene_Tbas,10,10.0,energy_focused,baseline,nearest,3218,6255,33.97,768.51,0.2388,1845.8,676.4,0.81
F10_E10_Wene_Thot,10,10.0,energy_focused,hot_summer,milp_ml,5678,3795,59.94,738.26,0.13,294.7,129.04,39.49
F10_E10_Wene_Thot,10,10.0,energy_focused,hot_summer,milp_fixed,5678,3795,59.94,738.26,0.13,294.7,129.04,39.26
F10_E10_Wene_Thot,10,10.0,energy_focused,hot_summer,nearest,3218,6255,33.97,768.51,0.2388,1845.8,676.4,0.81
F10_E10_Wser_Tcol,10,10.0,service_focused,cold_winter,milp_ml,5551,3922,58.6,724.66,0.1305,337.7,78.77,39.19
F10_E10_Wser_Tcol,10,10.0,service_focused,cold_winter,milp_fixed,5551,3922,58.6,724.66,0.1305,337.7,78.77,39.37
F10_E10_Wser_Tcol,10,10.0,service_focused,cold_winter,nearest,3218,6255,33.97,768.51,0.2388,1845.8,676.4,0.81
F10_E10_Wser_Tbas,10,10.0,service_focused,baseline,milp_ml,5551,3922,58.6,724.66,0.1305,337.7,78.77,39.42
F10_E10_Wser_Tbas,10,10.0,service_focused,baseline,milp_fixed,5551,3922,58.6,724.66,0.1305,337.7,78.77,39.76
F10_E10_Wser_Tbas,10,10.0,service_focused,baseline,nearest,3218,6255,33.97,768.51,0.2388,1845.8,676.4,0.81
F10_E10_Wser_Thot,10,10.0,service_focused,hot_summer,milp_ml,5551,3922,58.6,724.66,0.1305,337.7,78.77,39.63
F10_E10_Wser_Thot,10,10.0,service_focused,hot_summer,milp_fixed,5551,3922,58.6,724.66,0.1305,337.7,78.77,39.91
F10_E10_Wser_Thot,10,10.0,service_focused,hot_summer,nearest,3218,6255,33.97,768.51,0.2388,1845.8,676.4,0.8
F12_E2_Wbal_Tcol,12,2.0,balanced,cold_winter,milp_ml,7484,1989,79.0,1203.17,0.1608,201.8,340.58,48.6
F12_E2_Wbal_Tcol,12,2.0,balanced,cold_winter,milp_fixed,7484,1989,79.0,1203.17,0.1608,201.8,340.58,48.42
F12_E2_Wbal_Tcol,12,2.0,balanced,cold_winter,nearest,4226,5247,44.61,1104.84,0.2614,1611.9,1127.04,1.26
F12_E2_Wbal_Tbas,12,2.0,balanced,baseline,milp_ml,7484,1989,79.0,1203.17,0.1608,201.8,340.58,48.39
F12_E2_Wbal_Tbas,12,2.0,balanced,baseline,milp_fixed,7484,1989,79.0,1203.17,0.1608,201.8,340.58,48.47
F12_E2_Wbal_Tbas,12,2.0,balanced,baseline,nearest,4226,5247,44.61,1104.84,0.2614,1611.9,1127.04,1.26
F12_E2_Wbal_Thot,12,2.0,balanced,hot_summer,milp_ml,7484,1989,79.0,1203.17,0.1608,201.8,340.58,48.65
F12_E2_Wbal_Thot,12,2.0,balanced,hot_summer,milp_fixed,7484,1989,79.0,1203.17,0.1608,201.8,340.58,48.94
F12_E2_Wbal_Thot,12,2.0,balanced,hot_summer,nearest,4226,5247,44.61,1104.84,0.2614,1611.9,1127.04,1.27
F12_E2_Wene_Tcol,12,2.0,energy_focused,cold_winter,milp_ml,7415,2058,78.28,1203.28,0.1623,159.8,424.47,47.81
F12_E2_Wene_Tcol,12,2.0,energy_focused,cold_winter,milp_fixed,7415,2058,78.28,1203.28,0.1623,159.8,424.47,47.9
F12_E2_Wene_Tcol,12,2.0,energy_focused,cold_winter,nearest,4226,5247,44.61,1104.84,0.2614,1611.9,1127.04,1.26
F12_E2_Wene_Tbas,12,2.0,energy_focused,baseline,milp_ml,7415,2058,78.28,1203.28,0.1623,159.8,424.47,47.96
F12_E2_Wene_Tbas,12,2.0,energy_focused,baseline,milp_fixed,7415,2058,78.28,1203.28,0.1623,159.8,424.47,47.87
F12_E2_Wene_Tbas,12,2.0,energy_focused,baseline,nearest,4226,5247,44.61,1104.84,0.2614,1611.9,1127.04,1.27
F12_E2_Wene_Thot,12,2.0,energy_focused,hot_summer,milp_ml,7415,2058,78.28,1203.28,0.1623,159.8,424.47,49.65
F12_E2_Wene_Thot,12,2.0,energy_focused,hot_summer,milp_fixed,7415,2058,78.28,1203.28,0.1623,159.8,424.47,48.74
F12_E2_Wene_Thot,12,2.0,energy_focused,hot_summer,nearest,4226,5247,44.61,1104.84,0.2614,1611.9,1127.04,1.26
F12_E2_Wser_Tcol,12,2.0,service_focused,cold_winter,milp_ml,7480,1993,78.96,1203.35,0.1609,201.0,336.53,49.3
F12_E2_Wser_Tcol,12,2.0,service_focused,cold_winter,milp_fixed,7480,1993,78.96,1203.35,0.1609,201.0,336.53,48.71
F12_E2_Wser_Tcol,12,2.0,service_focused,cold_winter,nearest,4226,5247,44.61,1104.84,0.2614,1611.9,1127.04,1.26
F12_E2_Wser_Tbas,12,2.0,service_focused,baseline,milp_ml,7480,1993,78.96,1203.35,0.1609,201.0,336.53,49.14
F12_E2_Wser_Tbas,12,2.0,service_focused,baseline,milp_fixed,7480,1993,78.96,1203.35,0.1609,201.0,336.53,49.68
F12_E2_Wser_Tbas,12,2.0,service_focused,baseline,nearest,4226,5247,44.61,1104.84,0.2614,1611.9,1127.04,1.29
F12_E2_Wser_Thot,12,2.0,service_focused,hot_summer,milp_ml,7480,1993,78.96,1203.35,0.1609,201.0,336.53,290.63
F12_E2_Wser_Thot,12,2.0,service_focused,hot_summer,milp_fixed,7480,1993,78.96,1203.35,0.1609,201.0,336.53,217.21
F12_E2_Wser_Thot,12,2.0,service_focused,hot_summer,nearest,4226,5247,44.61,1104.84,0.2614,1611.9,1127.04,1.27
F12_E5_Wbal_Tcol,12,5.0,balanced,cold_winter,milp_ml,7335,2138,77.43,1122.31,0.153,217.9,267.52,32.86
F12_E5_Wbal_Tcol,12,5.0,balanced,cold_winter,milp_fixed,7335,2138,77.43,1122.31,0.153,217.9,267.52,32.62
F12_E5_Wbal_Tcol,12,5.0,balanced,cold_winter,nearest,3987,5486,42.09,981.37,0.2461,1700.1,918.49,0.95
F12_E5_Wbal_Tbas,12,5.0,balanced,baseline,milp_ml,7335,2138,77.43,1122.31,0.153,217.9,267.52,32.23
F12_E5_Wbal_Tbas,12,5.0,balanced,baseline,milp_fixed,7335,2138,77.43,1122.31,0.153,217.9,267.52,32.41
F12_E5_Wbal_Tbas,12,5.0,balanced,baseline,nearest,3987,5486,42.09,981.37,0.2461,1700.1,918.49,0.93
F12_E5_Wbal_Thot,12,5.0,balanced,hot_summer,milp_ml,7335,2138,77.43,1122.31,0.153,217.9,267.52,32.32
F12_E5_Wbal_Thot,12,5.0,balanced,hot_summer,milp_fixed,7335,2138,77.43,1122.31,0.153,217.9,267.52,32.51
F12_E5_Wbal_Thot,12,5.0,balanced,hot_summer,nearest,3987,5486,42.09,981.37,0.2461,1700.1,918.49,0.94
F12_E5_Wene_Tcol,12,5.0,energy_focused,cold_winter,milp_ml,7333,2140,77.41,1120.63,0.1528,180.0,322.58,31.31
F12_E5_Wene_Tcol,12,5.0,energy_focused,cold_winter,milp_fixed,7333,2140,77.41,1120.63,0.1528,180.0,322.58,32.12
F12_E5_Wene_Tcol,12,5.0,energy_focused,cold_winter,nearest,3987,5486,42.09,981.37,0.2461,1700.1,918.49,0.94
F12_E5_Wene_Tbas,12,5.0,energy_focused,baseline,milp_ml,7333,2140,77.41,1120.63,0.1528,180.0,322.58,31.63
F12_E5_Wene_Tbas,12,5.0,energy_focused,baseline,milp_fixed,7333,2140,77.41,1120.63,0.1528,180.0,322.58,31.81
F12_E5_Wene_Tbas,12,5.0,energy_focused,baseline,nearest,3987,5486,42.09,981.37,0.2461,1700.1,918.49,0.93
F12_E5_Wene_Thot,12,5.0,energy_focused,hot_summer,milp_ml,7333,2140,77.41,1120.63,0.1528,180.0,322.58,31.26
F12_E5_Wene_Thot,12,5.0,energy_focused,hot_summer,milp_fixed,7333,2140,77.41,1120.63,0.1528,180.0,322.58,31.94
F12_E5_Wene_Thot,12,5.0,energy_focused,hot_summer,nearest,3987,5486,42.09,981.37,0.2461,1700.1,918.49,0.94
F12_E5_Wser_Tcol,12,5.0,service_focused,cold_winter,milp_ml,7320,2153,77.27,1123.58,0.1535,222.5,263.73,32.77
F12_E5_Wser_Tcol,12,5.0,service_focused,cold_winter,milp_fixed,7320,2153,77.27,1123.58,0.1535,222.5,263.73,32.83
F12_E5_Wser_Tcol,12,5.0,service_focused,cold_winter,nearest,3987,5486,42.09,981.37,0.2461,1700.1,918.49,0.93
F12_E5_Wser_Tbas,12,5.0,service_focused,baseline,milp_ml,7320,2153,77.27,1123.58,0.1535,222.5,263.73,32.45
F12_E5_Wser_Tbas,12,5.0,service_focused,baseline,milp_fixed,7320,2153,77.27,1123.58,0.1535,222.5,263.73,32.64
F12_E5_Wser_Tbas,12,5.0,service_focused,baseline,nearest,3987,5486,42.09,981.37,0.2461,1700.1,918.49,0.93
F12_E5_Wser_Thot,12,5.0,service_focused,hot_summer,milp_ml,7320,2153,77.27,1123.58,0.1535,222.5,263.73,32.85
F12_E5_Wser_Thot,12,5.0,service_focused,hot_summer,milp_fixed,7320,2153,77.27,1123.58,0.1535,222.5,263.73,32.63
F12_E5_Wser_Thot,12,5.0,service_focused,hot_summer,nearest,3987,5486,42.09,981.37,0.2461,1700.1,918.49,0.94
F12_E10_Wbal_Tcol,12,10.0,balanced,cold_winter,milp_ml,6432,3041,67.9,901.97,0.1402,272.1,150.12,39.71
F12_E10_Wbal_Tcol,12,10.0,balanced,cold_winter,milp_fixed,6432,3041,67.9,901.97,0.1402,272.1,150.12,39.54
F12_E10_Wbal_Tcol,12,10.0,balanced,cold_winter,nearest,3945,5528,41.64,921.9,0.2337,1805.4,775.5,0.85
F12_E10_Wbal_Tbas,12,10.0,balanced,baseline,milp_ml,6432,3041,67.9,901.97,0.1402,272.1,150.12,39.37
F12_E10_Wbal_Tbas,12,10.0,balanced,baseline,milp_fixed,6432,3041,67.9,901.97,0.1402,272.1,150.12,39.09
F12_E10_Wbal_Tbas,12,10.0,balanced,baseline,nearest,3945,5528,41.64,921.9,0.2337,1805.4,775.5,0.86
F12_E10_Wbal_Thot,12,10.0,balanced,hot_summer,milp_ml,6432,3041,67.9,901.97,0.1402,272.1,150.12,39.03
F12_E10_Wbal_Thot,12,10.0,balanced,hot_summer,milp_fixed,6432,3041,67.9,901.97,0.1402,272.1,150.12,39.3
F12_E10_Wbal_Thot,12,10.0,balanced,hot_summer,nearest,3945,5528,41.64,921.9,0.2337,1805.4,775.5,0.86
F12_E10_Wene_Tcol,12,10.0,energy_focused,cold_winter,milp_ml,6515,2958,68.77,916.59,0.1407,247.9,200.16,39.13
F12_E10_Wene_Tcol,12,10.0,energy_focused,cold_winter,milp_fixed,6515,2958,68.77,916.59,0.1407,247.9,200.16,39.18
F12_E10_Wene_Tcol,12,10.0,energy_focused,cold_winter,nearest,3945,5528,41.64,921.9,0.2337,1805.4,775.5,0.86
F12_E10_Wene_Tbas,12,10.0,energy_focused,baseline,milp_ml,6515,2958,68.77,916.59,0.1407,247.9,200.16,38.49
F12_E10_Wene_Tbas,12,10.0,energy_focused,baseline,milp_fixed,6515,2958,68.77,916.59,0.1407,247.9,200.16,38.46
F12_E10_Wene_Tbas,12,10.0,energy_focused,baseline,nearest,3945,5528,41.64,921.9,0.2337,1805.4,775.5,0.86
F12_E10_Wene_Thot,12,10.0,energy_focused,hot_summer,milp_ml,6515,2958,68.77,916.59,0.1407,247.9,200.16,38.44
F12_E10_Wene_Thot,12,10.0,energy_focused,hot_summer,milp_fixed,6515,2958,68.77,916.59,0.1407,247.9,200.16,38.71
F12_E10_Wene_Thot,12,10.0,energy_focused,hot_summer,nearest,3945,5528,41.64,921.9,0.2337,1805.4,775.5,0.86
F12_E10_Wser_Tcol,12,10.0,service_focused,cold_winter,milp_ml,6413,3060,67.7,901.28,0.1405,281.7,149.61,40.33
F12_E10_Wser_Tcol,12,10.0,service_focused,cold_winter,milp_fixed,6413,3060,67.7,901.28,0.1405,281.7,149.61,39.88
F12_E10_Wser_Tcol,12,10.0,service_focused,cold_winter,nearest,3945,5528,41.64,921.9,0.2337,1805.4,775.5,0.85
F12_E10_Wser_Tbas,12,10.0,service_focused,baseline,milp_ml,6413,3060,67.7,901.28,0.1405,281.7,149.61,39.64
F12_E10_Wser_Tbas,12,10.0,service_focused,baseline,milp_fixed,6413,3060,67.7,901.28,0.1405,281.7,149.61,39.54
F12_E10_Wser_Tbas,12,10.0,service_focused,baseline,nearest,3945,5528,41.64,921.9,0.2337,1805.4,775.5,0.85
F12_E10_Wser_Thot,12,10.0,service_focused,hot_summer,milp_ml,6413,3060,67.7,901.28,0.1405,281.7,149.61,39.85
F12_E10_Wser_Thot,12,10.0,service_focused,hot_summer,milp_fixed,6413,3060,67.7,901.28,0.1405,281.7,149.61,39.35
F12_E10_Wser_Thot,12,10.0,service_focused,hot_summer,nearest,3945,5528,41.64,921.9,0.2337,1805.4,775.5,0.86
F15_E2_Wbal_Tcol,15,2.0,balanced,cold_winter,milp_ml,8411,1062,88.79,1504.1,0.1788,118.9,604.34,36.95
F15_E2_Wbal_Tcol,15,2.0,balanced,cold_winter,milp_fixed,8411,1062,88.79,1504.1,0.1788,118.9,604.34,36.95
F15_E2_Wbal_Tcol,15,2.0,balanced,cold_winter,nearest,5178,4295,54.66,1329.67,0.2568,1532.9,1315.14,1.41
F15_E2_Wbal_Tbas,15,2.0,balanced,baseline,milp_ml,8411,1062,88.79,1504.1,0.1788,118.9,604.34,37.31
F15_E2_Wbal_Tbas,15,2.0,balanced,baseline,milp_fixed,8411,1062,88.79,1504.1,0.1788,118.9,604.34,37.06
F15_E2_Wbal_Tbas,15,2.0,balanced,baseline,nearest,5178,4295,54.66,1329.67,0.2568,1532.9,1315.14,1.41
F15_E2_Wbal_Thot,15,2.0,balanced,hot_summer,milp_ml,8411,1062,88.79,1504.1,0.1788,118.9,604.34,37.33
F15_E2_Wbal_Thot,15,2.0,balanced,hot_summer,milp_fixed,8411,1062,88.79,1504.1,0.1788,118.9,604.34,38.06
F15_E2_Wbal_Thot,15,2.0,balanced,hot_summer,nearest,5178,4295,54.66,1329.67,0.2568,1532.9,1315.14,1.41
F15_E2_Wene_Tcol,15,2.0,energy_focused,cold_winter,milp_ml,8338,1135,88.02,1504.07,0.1804,109.4,681.86,41.12
F15_E2_Wene_Tcol,15,2.0,energy_focused,cold_winter,milp_fixed,8338,1135,88.02,1504.07,0.1804,109.4,681.86,40.38
F15_E2_Wene_Tcol,15,2.0,energy_focused,cold_winter,nearest,5178,4295,54.66,1329.67,0.2568,1532.9,1315.14,1.42
F15_E2_Wene_Tbas,15,2.0,energy_focused,baseline,milp_ml,8338,1135,88.02,1504.07,0.1804,109.4,681.86,40.47
F15_E2_Wene_Tbas,15,2.0,energy_focused,baseline,milp_fixed,8338,1135,88.02,1504.07,0.1804,109.4,681.86,38.34
F15_E2_Wene_Tbas,15,2.0,energy_focused,baseline,nearest,5178,4295,54.66,1329.67,0.2568,1532.9,1315.14,1.46
F15_E2_Wene_Thot,15,2.0,energy_focused,hot_summer,milp_ml,8338,1135,88.02,1504.07,0.1804,109.4,681.86,38.3
F15_E2_Wene_Thot,15,2.0,energy_focused,hot_summer,milp_fixed,8338,1135,88.02,1504.07,0.1804,109.4,681.86,39.63
F15_E2_Wene_Thot,15,2.0,energy_focused,hot_summer,nearest,5178,4295,54.66,1329.67,0.2568,1532.9,1315.14,1.41
F15_E2_Wser_Tcol,15,2.0,service_focused,cold_winter,milp_ml,8406,1067,88.74,1504.21,0.1789,123.7,601.7,38.08
F15_E2_Wser_Tcol,15,2.0,service_focused,cold_winter,milp_fixed,8406,1067,88.74,1504.21,0.1789,123.7,601.7,38.11
F15_E2_Wser_Tcol,15,2.0,service_focused,cold_winter,nearest,5178,4295,54.66,1329.67,0.2568,1532.9,1315.14,1.41
F15_E2_Wser_Tbas,15,2.0,service_focused,baseline,milp_ml,8406,1067,88.74,1504.21,0.1789,123.7,601.7,38.2
F15_E2_Wser_Tbas,15,2.0,service_focused,baseline,milp_fixed,8406,1067,88.74,1504.21,0.1789,123.7,601.7,38.08
F15_E2_Wser_Tbas,15,2.0,service_focused,baseline,nearest,5178,4295,54.66,1329.67,0.2568,1532.9,1315.14,1.4
F15_E2_Wser_Thot,15,2.0,service_focused,hot_summer,milp_ml,8406,1067,88.74,1504.21,0.1789,123.7,601.7,38.56
F15_E2_Wser_Thot,15,2.0,service_focused,hot_summer,milp_fixed,8406,1067,88.74,1504.21,0.1789,123.7,601.7,38.08
F15_E2_Wser_Thot,15,2.0,service_focused,hot_summer,nearest,5178,4295,54.66,1329.67,0.2568,1532.9,1315.14,1.41
F15_E5_Wbal_Tcol,15,5.0,balanced,cold_winter,milp_ml,8272,1201,87.32,1375.79,0.1663,157.2,419.93,26.47
F15_E5_Wbal_Tcol,15,5.0,balanced,cold_winter,milp_fixed,8272,1201,87.32,1375.79,0.1663,157.2,419.93,26.51
F15_E5_Wbal_Tcol,15,5.0,balanced,cold_winter,nearest,5045,4428,53.26,1211.18,0.2401,1610.1,1079.04,1.02
F15_E5_Wbal_Tbas,15,5.0,balanced,baseline,milp_ml,8272,1201,87.32,1375.79,0.1663,157.2,419.93,26.47
F15_E5_Wbal_Tbas,15,5.0,balanced,baseline,milp_fixed,8272,1201,87.32,1375.79,0.1663,157.2,419.93,26.85
F15_E5_Wbal_Tbas,15,5.0,balanced,baseline,nearest,5045,4428,53.26,1211.18,0.2401,1610.1,1079.04,1.02
F15_E5_Wbal_Thot,15,5.0,balanced,hot_summer,milp_ml,8272,1201,87.32,1375.79,0.1663,157.2,419.93,26.37
F15_E5_Wbal_Thot,15,5.0,balanced,hot_summer,milp_fixed,8272,1201,87.32,1375.79,0.1663,157.2,419.93,26.28
F15_E5_Wbal_Thot,15,5.0,balanced,hot_summer,nearest,5045,4428,53.26,1211.18,0.2401,1610.1,1079.04,1.03
F15_E5_Wene_Tcol,15,5.0,energy_focused,cold_winter,milp_ml,8237,1236,86.95,1379.16,0.1674,136.2,485.68,25.76
F15_E5_Wene_Tcol,15,5.0,energy_focused,cold_winter,milp_fixed,8237,1236,86.95,1379.16,0.1674,136.2,485.68,25.85
F15_E5_Wene_Tcol,15,5.0,energy_focused,cold_winter,nearest,5045,4428,53.26,1211.18,0.2401,1610.1,1079.04,1.03
F15_E5_Wene_Tbas,15,5.0,energy_focused,baseline,milp_ml,8237,1236,86.95,1379.16,0.1674,136.2,485.68,25.63
F15_E5_Wene_Tbas,15,5.0,energy_focused,baseline,milp_fixed,8237,1236,86.95,1379.16,0.1674,136.2,485.68,26.14
F15_E5_Wene_Tbas,15,5.0,energy_focused,baseline,nearest,5045,4428,53.26,1211.18,0.2401,1610.1,1079.04,1.02
F15_E5_Wene_Thot,15,5.0,energy_focused,hot_summer,milp_ml,8237,1236,86.95,1379.16,0.1674,136.2,485.68,25.76
F15_E5_Wene_Thot,15,5.0,energy_focused,hot_summer,milp_fixed,8237,1236,86.95,1379.16,0.1674,136.2,485.68,25.87
F15_E5_Wene_Thot,15,5.0,energy_focused,hot_summer,nearest,5045,4428,53.26,1211.18,0.2401,1610.1,1079.04,1.03
F15_E5_Wser_Tcol,15,5.0,service_focused,cold_winter,milp_ml,8261,1212,87.21,1374.05,0.1663,163.3,410.43,26.59
F15_E5_Wser_Tcol,15,5.0,service_focused,cold_winter,milp_fixed,8261,1212,87.21,1374.05,0.1663,163.3,410.43,26.58
F15_E5_Wser_Tcol,15,5.0,service_focused,cold_winter,nearest,5045,4428,53.26,1211.18,0.2401,1610.1,1079.04,1.04
F15_E5_Wser_Tbas,15,5.0,service_focused,baseline,milp_ml,8261,1212,87.21,1374.05,0.1663,163.3,410.43,26.87
F15_E5_Wser_Tbas,15,5.0,service_focused,baseline,milp_fixed,8261,1212,87.21,1374.05,0.1663,163.3,410.43,26.59
F15_E5_Wser_Tbas,15,5.0,service_focused,baseline,nearest,5045,4428,53.26,1211.18,0.2401,1610.1,1079.04,1.02
F15_E5_Wser_Thot,15,5.0,service_focused,hot_summer,milp_ml,8261,1212,87.21,1374.05,0.1663,163.3,410.43,623.41
F15_E5_Wser_Thot,15,5.0,service_focused,hot_summer,milp_fixed,8261,1212,87.21,1374.05,0.1663,163.3,410.43,1405.06
F15_E5_Wser_Thot,15,5.0,service_focused,hot_summer,nearest,5045,4428,53.26,1211.18,0.2401,1610.1,1079.04,1.91
F15_E10_Wbal_Tcol,15,10.0,balanced,cold_winter,milp_ml,7438,2035,78.52,1136.68,0.1528,229.2,249.3,39.07
F15_E10_Wbal_Tcol,15,10.0,balanced,cold_winter,milp_fixed,7438,2035,78.52,1136.68,0.1528,229.2,249.3,37.8
F15_E10_Wbal_Tcol,15,10.0,balanced,cold_winter,nearest,5073,4400,53.55,1152.76,0.2272,1716.5,911.47,0.93
F15_E10_Wbal_Tbas,15,10.0,balanced,baseline,milp_ml,7438,2035,78.52,1136.68,0.1528,229.2,249.3,67.58
F15_E10_Wbal_Tbas,15,10.0,balanced,baseline,milp_fixed,7438,2035,78.52,1136.68,0.1528,229.2,249.3,42.6
F15_E10_Wbal_Tbas,15,10.0,balanced,baseline,nearest,5073,4400,53.55,1152.76,0.2272,1716.5,911.47,0.95
F15_E10_Wbal_Thot,15,10.0,balanced,hot_summer,milp_ml,7438,2035,78.52,1136.68,0.1528,229.2,249.3,42.81
F15_E10_Wbal_Thot,15,10.0,balanced,hot_summer,milp_fixed,7438,2035,78.52,1136.68,0.1528,229.2,249.3,38.32
F15_E10_Wbal_Thot,15,10.0,balanced,hot_summer,nearest,5073,4400,53.55,1152.76,0.2272,1716.5,911.47,0.97
F15_E10_Wene_Tcol,15,10.0,energy_focused,cold_winter,milp_ml,7511,1962,79.29,1150.91,0.1532,200.4,299.27,1407.66
F15_E10_Wene_Tcol,15,10.0,energy_focused,cold_winter,milp_fixed,7511,1962,79.29,1150.91,0.1532,200.4,299.27,35.5
F15_E10_Wene_Tcol,15,10.0,energy_focused,cold_winter,nearest,5073,4400,53.55,1152.76,0.2272,1716.5,911.47,0.92
F15_E10_Wene_Tbas,15,10.0,energy_focused,baseline,milp_ml,7511,1962,79.29,1150.91,0.1532,200.4,299.27,35.5
F15_E10_Wene_Tbas,15,10.0,energy_focused,baseline,milp_fixed,7511,1962,79.29,1150.91,0.1532,200.4,299.27,35.53
F15_E10_Wene_Tbas,15,10.0,energy_focused,baseline,nearest,5073,4400,53.55,1152.76,0.2272,1716.5,911.47,0.92
F15_E10_Wene_Thot,15,10.0,energy_focused,hot_summer,milp_ml,7511,1962,79.29,1150.91,0.1532,200.4,299.27,35.74
F15_E10_Wene_Thot,15,10.0,energy_focused,hot_summer,milp_fixed,7511,1962,79.29,1150.91,0.1532,200.4,299.27,35.68
F15_E10_Wene_Thot,15,10.0,energy_focused,hot_summer,nearest,5073,4400,53.55,1152.76,0.2272,1716.5,911.47,0.92
F15_E10_Wser_Tcol,15,10.0,service_focused,cold_winter,milp_ml,7414,2059,78.26,1136.7,0.1533,227.6,251.13,37.97
F15_E10_Wser_Tcol,15,10.0,service_focused,cold_winter,milp_fixed,7414,2059,78.26,1136.7,0.1533,227.6,251.13,37.94
F15_E10_Wser_Tcol,15,10.0,service_focused,cold_winter,nearest,5073,4400,53.55,1152.76,0.2272,1716.5,911.47,0.92
F15_E10_Wser_Tbas,15,10.0,service_focused,baseline,milp_ml,7414,2059,78.26,1136.7,0.1533,227.6,251.13,37.07
F15_E10_Wser_Tbas,15,10.0,service_focused,baseline,milp_fixed,7414,2059,78.26,1136.7,0.1533,227.6,251.13,38.57
F15_E10_Wser_Tbas,15,10.0,service_focused,baseline,nearest,5073,4400,53.55,1152.76,0.2272,1716.5,911.47,0.98
F15_E10_Wser_Thot,15,10.0,service_focused,hot_summer,milp_ml,7414,2059,78.26,1136.7,0.1533,227.6,251.13,38.05
F15_E10_Wser_Thot,15,10.0,service_focused,hot_summer,milp_fixed,7414,2059,78.26,1136.7,0.1533,227.6,251.13,38.02
F15_E10_Wser_Thot,15,10.0,service_focused,hot_summer,nearest,5073,4400,53.55,1152.76,0.2272,1716.5,911.47,0.98
